{
  "stream_metrics": {
    "1": {
      "stream_id": 1,
      "path": "/video",
      "duration": 0.039639949798583984,
      "bytes_sent": 0,
      "bytes_received": 28,
      "http_latency": [
        0.008668661117553711,
        0.006494760513305664,
        0.00680232048034668,
        0.006690025329589844,
        0.005732297897338867
      ],
      "throughput_samples": [
        -276.89744182208284,
        132.34165273088695,
        0.0,
        -1146.2531428125244
      ],
      "errors": [],
      "average_throughput": 706.3581094898414
    },
    "3": {
      "stream_id": 3,
      "path": "/video",
      "duration": 0.035706520080566406,
      "bytes_sent": 0,
      "bytes_received": 28,
      "http_latency": [
        0.0070934295654296875,
        0.005617856979370117,
        0.006172895431518555,
        0.005796194076538086,
        0.0054473876953125
      ],
      "throughput_samples": [
        -320.97218289649896,
        144.77095126328868,
        0.0,
        -1214.432825943084
      ],
      "errors": [],
      "average_throughput": 784.1705082663391
    },
    "5": {
      "stream_id": 5,
      "path": "/video",
      "duration": 0.036183834075927734,
      "bytes_sent": 0,
      "bytes_received": 28,
      "http_latency": [
        0.007866382598876953,
        0.006186485290527344,
        0.006047964096069336,
        0.00500798225402832,
        0.005858182907104492
      ],
      "throughput_samples": [
        -290.3737754854789,
        149.59888718479152,
        0.0,
        -1124.6074999042403
      ],
      "errors": [],
      "average_throughput": 773.8262324894904
    },
    "7": {
      "stream_id": 7,
      "path": "/text",
      "duration": 0.04295015335083008,
      "bytes_sent": 0,
      "bytes_received": 27,
      "http_latency": [
        0.006273746490478516,
        0.006023883819580078,
        0.009076118469238281,
        0.00849008560180664,
        0.007611989974975586
      ],
      "throughput_samples": [
        -437.84925882107314,
        198.68801515869256,
        0.0,
        -873.4234121671873
      ],
      "errors": [],
      "average_throughput": 628.6357065935408
    },
    "9": {
      "stream_id": 9,
      "path": "/text",
      "duration": 0.039980411529541016,
      "bytes_sent": 0,
      "bytes_received": 27,
      "http_latency": [
        0.007211923599243164,
        0.005427122116088867,
        0.005139350891113281,
        0.0074236392974853516,
        0.006082773208618164
      ],
      "throughput_samples": [
        -500.99187768752984,
        349.5690294620161,
        0.0,
        -1082.1217750257997
      ],
      "errors": [],
      "average_throughput": 675.3307173951935
    },
    "11": {
      "stream_id": 11,
      "path": "/text",
      "duration": 0.05690574645996094,
      "bytes_sent": 0,
      "bytes_received": 27,
      "http_latency": [
        0.009241580963134766,
        0.012298345565795898,
        0.008202075958251953,
        0.011075019836425781,
        0.008895635604858398
      ],
      "throughput_samples": [
        -229.62775334416116,
        220.76446128743618,
        0.0,
        -740.7439701281663
      ],
      "errors": [],
      "average_throughput": 474.468778280543
    },
    "13": {
      "stream_id": 13,
      "path": "/control",
      "duration": 0.05366778373718262,
      "bytes_sent": 0,
      "bytes_received": 24,
      "http_latency": [
        0.0094757080078125,
        0.010561227798461914,
        0.0078277587890625,
        0.012634992599487305
      ],
      "throughput_samples": [
        0.0,
        0.0,
        -588.6949015754939
      ],
      "errors": [],
      "average_throughput": 447.1956605760132
    },
    "15": {
      "stream_id": 15,
      "path": "/control",
      "duration": 0.0739130973815918,
      "bytes_sent": 0,
      "bytes_received": 24,
      "http_latency": [
        0.016647815704345703,
        0.013635396957397461,
        0.012860536575317383,
        0.016492843627929688
      ],
      "throughput_samples": [
        0.0,
        0.0,
        -458.77619327581726
      ],
      "errors": [],
      "average_throughput": 324.7056455514912
    },
    "17": {
      "stream_id": 17,
      "path": "/control",
      "duration": 0.07149434089660645,
      "bytes_sent": 0,
      "bytes_received": 24,
      "http_latency": [
        0.012757062911987305,
        0.0145416259765625,
        0.015185117721557617,
        0.019260168075561523
      ],
      "throughput_samples": [
        0.0,
        0.0,
        -323.60959802484376
      ],
      "errors": [],
      "average_throughput": 335.69090502852913
    }
  },
  "connection_metrics": {
    "start_time": 1748036038.473815,
    "connection_establishment_time": 0.004072666168212891,
    "streams": [
      1,
      3,
      5,
      7,
      9,
      11,
      13,
      15,
      17
    ],
    "total_bytes_sent": 0,
    "total_bytes_received": 237,
    "stream_establishment_times": [
      0.05353593826293945,
      0.09363436698913574,
      0.12989258766174316,
      0.16649532318115234,
      0.2099306583404541,
      0.25045323371887207,
      0.3080606460571289,
      0.3622713088989258,
      0.43672943115234375
    ],
    "errors": []
  },
  "uptime": 80.33944392204285,
  "timestamp": "20250523_223518"
}